{
  "balances": {
    "0xf0f42073db0fb6b87df3c469e96e8245e1a2a3b6": 1.47970338,
    "0x96ac651bd43f9228409831c1c374b9965bf8a195": 1.64968,
    "0x22e50012d72e3e0954706bb4199adb4c37c151cc": 0.41686259,
    "0xd4a23f33ce95f3475cec7f947750a96300034101": 0.06876499999999992,
    "0x15f194270a5b3941f96cb507a8abb9c8011164c4": 0.103481104,
    "0xcbabdc87205528b398f492e260d535b403166d67": 0.52994,
    "0x6339953df540967a0a5449825e4ec8ce0f45df1c": 2.90972106,
    "0x90c423c2a9d3ec691d683fe040e4371d8c0edcda": 3.2648499749999993,
    "0x44e434b3f8d638322ed9fc2f24f55ecef8530f88": 0.15482897500000012,
    "0x9a66c897e170b3d43072fb48beb75b72388a697b": 1.78,
    "0x91c423c2a9d3ec691d683fe040e4371d8c0edcda": 0.011,
    "0x4c377f2e9878b5dc0e5a5d223053a624eda56a7c": 0.23998,
    "0x0000000000000000000000000000000050000000": 0.001,
    "0x682342edad798f2bcfb04b9dd88dbc3687409898": 0.15,
    "0x03dee3fd439937b021e7dcbeb5aae8514c076338": 0.15,
    "0x9d2b583e9ab73410c565dc9f90ebefa7d6545108": 1.1119,
    "0x52f9a817aec25c5866d836b7c87291f6a71b32e3": 0.55,
    "0x0a7a5edb5ad3e29817a46fe850e87f934dc256e1": 0.9,
    "0x7bc22d11893b3df643a7fa45ea7e92704f04f92e": 1.79,
    "0xa13c51eb0ad14419c7250315f7a51627a6da6e64": 0.15,
    "0x01386bd278603172ff1f8a49de3ec069a4babbe4": 0.65,
    "0xcbabdc87205128b398f492e260d535b403166d67": 0.01,
    "0x7054abf44bca418ad99c7d45e4f72f933d6a47cb": 1.65,
    "0xa79ebfe4051f7acff6b1fcbcabcd05a969b597c1": 0.5,
    "0x559b34aa039248b09d775755034ec6eb7961bfde": 0.25,
    "0xb70efc7afb15b2113ce1df7ac3b4bd6ecf5a9185": 0.2881800000000001,
    "0x21ea4257cb5742da34a49739571f94ac6965be1a": 0.10196,
    "0x9b33996c38032fae9227ff0fd0ea1d8de2b63780": 0.03,
    "0xcad3c92be4bf0322bf9401a07bea4d8f56b35242": 1.80468,
    "0x6ee215a41a75c3bb7934e09c9a1b3a1e94ac0869": 1.35,
    "0x92a6728e2dbc64a17e7fb0418a3538ae99c6f373": 0.4,
    "0xc67e9ecffa62db2abc244958392878cb5e22af29": 0.4,
    "0x000000000000000000000000000000000000dead": 0.020084,
    "0xebfc6173c236b6e86a38f117ae5d91ed7c8dca9c": 2.97916769,
    "0xba1528dc7a89348c6af012b7ebdef647e5b35423": 0.02,
    "0x51dec4612e1de318e76f6772aa413c063ce97ba8": 1.56431865,
    "0x5a113b4e87c17a5e25828e84043e8c80f72ccb48": 0.01,
    "0x410b3e6d8bddbb80cfbb2816c26b6ee90210b390": 0.15,
    "0xc3dd98d61d1f023ce66b5502d7082bee1bd30089": 999.6099399999999,
    "0xbe8ccc83bc50f2e23bbcd4c73a2675a4f7a2fcb9": 0.15,
    "0xe661a822d1269fd4028a8076694c8011e26381f3": 1.61586299,
    "0xf9c0c3af426ad89d388072aae349d85b98aa5871": 0.15,
    "0x851cbdabeaa40ed4568dcc7e7c6a830b72d7406a": 0.4,
    "0xc62d460815a751bfa08ba8a2444cac1c729c1169": 0.90725481,
    "0x42bd70399259baf2463c417b13fcb6f3aad4164d": 1.01988,
    "0xdc4ca40afd783a16029e7e85cbeaee45ab15295e": 1.16601272,
    "0xfd6994c7d24b3af8908f9947f7ee50564eb0c11e": 1.5,
    "0x55d526437bae3eac598a49703bb4c483a0b9488b": 0.15,
    "0xe5e0d2ef6b70d4aa2c16f3b443d7934ed9b9f5d6": 0.15,
    "0x60d7d7b1b463e2c7b383838c45306030a1e0a3b1": 0.15,
    "0xb8c63ed68e4d8e35bcb441ab0701608abfaa16df": 0.69,
    "0xcddce2501917f0e105839d8db6f7ff19e88e69be": 0.04,
    "0xdccc509a2b920e260c3b7078d84ae40ac0c9d985": 0.29,
    "0x8c6ea3a0b7307fd62fa2c945be2c47215629c913": 2.57406,
    "0xa13563251a10be65f2461014448cc251006d8d15": 2.45,
    "0x2046ffb7730374e8eaacd78cc9776a7b79c5dad4": 1.00008,
    "0x776a5a348589a70ad6006aeaa43cf1c3e0da6d81": 1.60424,
    "0xf808a3c294a573ca7bc3d77aa5bcc4decc433f40": 2.23995081,
    "0x2371d64b8f6387359f7a8a651eb82682d272c211": 2.22,
    "0xa300459b38f2f106ce02d285f5aeeaead551d3df": 2.46892,
    "0x395c166054ab0c32d7e39a99453b98a515210ffa": 1.82,
    "0xe90bb0071635fd24627258d86de45784638d82d0": 0.56,
    "0x847905ea31a1ade57acaca5df6e5475e1f5beae8": 0.01,
    "0x8c6ea3a0b7307fc62fa2c945be2c47215629c913": 0.0005,
    "0x68b58bd729535ab45885d68cfea8b69e298df8fd": 0.28978,
    "0x425ce1c97d9dc3a51226a1064746b1a91d1c4e0d": 0.15,
    "0x2e8cfebe71218ce753af099ff059c629b04bd787": 0.15,
    "0x68e5de4f427ecfe3b530f534fc34abd07efea74b": 0.0002,
    "0xfba85b5e3fb4acb0b1abc7e941448887f7e0ba2a": 0.05,
    "0x8411a0fa90ab8b4f0bebe63651231b882a4e2332": 0.00006076,
    "0x65f5c4da8cfe390a61d37750e6322b04656a5e15": 0.01,
    "0xac0e50be7c25b8bbe096ccfd2b69be0c68272a80": 0.01,
    "0xb4e12340f45b5bace6d19bd8c482b248dfee1df7": 0.64598,
    "0x7ef1eca1ae145fcf65c76c2a0f4693ad410a78c1": 0.25,
    "0x6807968478ca9e6bd3a5c18234529a356d976f4c": 0.3,
    "0x1824ad81e6974c8b3daa1e38d2feae3994cc29e6": 0.50214,
    "0x4714036f04eaa6015aecf735f606638b1df3c079": 0.02074,
    "0x7721c166620bd7694fa135f54a10d2d729840581": 0.01,
    "0x42b232dd4f879ddf391c1da7c924ecb056317033": 0,
    "0x87d6e7bb1836863afafe0ec54c2e7d36d46dddbd": 0,
    "0x43afa5f73d77176a36d82f1f4eacdc716072c33a": 0
  },
  "reservedBalances": {},
  "metadata": {
    "totalAccounts": 81,
    "lastSaved": 1770253366486,
    "totalSupply": 25000000
  }
}