{
  "balances": {
    "0xd4a23f33ce95f3475cec7f947750a96300034101": 0.07678599999999992,
    "0x15f194270a5b3941f96cb507a8abb9c8011164c4": 0.02348110400000001,
    "0x4c377f2e9878b5dc0e5a5d223053a624eda56a7c": 0.23998,
    "0x0000000000000000000000000000000050000000": 0.001,
    "0x1b9b39e93d80cde51e2724d9e298bc10025bfad5": 0,
    "0x22e50012d72e3e0954706bb4199adb4c37c151cc": 0.41686259,
    "0xf0f42073db0fb6b87df3c469e96e8245e1a2a3b6": 1.47970338,
    "0x682342edad798f2bcfb04b9dd88dbc3687409898": 0.15,
    "0x03dee3fd439937b021e7dcbeb5aae8514c076338": 0.15,
    "0x9d2b583e9ab73410c565dc9f90ebefa7d6545108": 1.15,
    "0x52f9a817aec25c5866d836b7c87291f6a71b32e3": 0.55,
    "0x0a7a5edb5ad3e29817a46fe850e87f934dc256e1": 0.65,
    "0xcbabdc87205528b398f492e260d535b403166d67": 0.009680000000000001,
    "0x7bc22d11893b3df643a7fa45ea7e92704f04f92e": 0.28,
    "0xa13c51eb0ad14419c7250315f7a51627a6da6e64": 0.3,
    "0x01386bd278603172ff1f8a49de3ec069a4babbe4": 0.65,
    "0xcbabdc87205128b398f492e260d535b403166d67": 0.01,
    "0x7054abf44bca418ad99c7d45e4f72f933d6a47cb": 1.65,
    "0xa0c2b8f26788714c54fe835e8326d1e701fd2446": 0,
    "0xa79ebfe4051f7acff6b1fcbcabcd05a969b597c1": 0.5,
    "0x559b34aa039248b09d775755034ec6eb7961bfde": 0.25,
    "0xb70efc7afb15b2113ce1df7ac3b4bd6ecf5a9185": 0.01798,
    "0x21ea4257cb5742da34a49739571f94ac6965be1a": 0.10196,
    "0x9b33996c38032fae9227ff0fd0ea1d8de2b63780": 0.03,
    "0xcad3c92be4bf0322bf9401a07bea4d8f56b35242": 1.80468,
    "0x6ee215a41a75c3bb7934e09c9a1b3a1e94ac0869": 1.35,
    "0x92a6728e2dbc64a17e7fb0418a3538ae99c6f373": 0.4,
    "0xc67e9ecffa62db2abc244958392878cb5e22af29": 0.4,
    "0x000000000000000000000000000000000000dead": 0.020084,
    "0x42b232dd4f879ddf391c1da7c924ecb056317033": 0.92394,
    "0x96ac651bd43f9228409831c1c374b9965bf8a195": 1.25314,
    "0x6339953df540967a0a5449825e4ec8ce0f45df1c": 0,
    "0x90c423c2a9d3ec691d683fe040e4371d8c0edcda": 0.0002
  },
  "reservedBalances": {},
  "metadata": {
    "totalAccounts": 33,
    "lastSaved": 1766532113391,
    "totalSupply": 25000000
  }
}